Buffnum,Timestamp,Buffer Size, Detected Freq (Hz), Interpol Note, Commputation Time (uS)
1,0.0106667,2048,0,Silence0,80
2,0.0213333,2048,0,Silence0,59
3,0.032,2048,0,Silence0,28
4,0.0426667,2048,0,Silence0,27
5,0.0533333,2048,0,Silence0,34
6,0.064,2048,0,Silence0,27
7,0.0746667,2048,0,Silence0,27
8,0.0853333,2048,0,Silence0,27
9,0.096,2048,0,Silence0,34
10,0.106667,2048,0,Silence0,27
11,0.117333,2048,0,Silence0,27
12,0.128,2048,0,Silence0,27
13,0.138667,2048,0,Silence0,34
14,0.149333,2048,0,Silence0,27
15,0.16,2048,0,Silence0,27
16,0.170667,2048,0,Silence0,27
17,0.181333,2048,0,Silence0,33
18,0.192,2048,0,Silence0,27
19,0.202667,2048,0,Silence0,27
20,0.213333,2048,0,Silence0,27
21,0.224,2048,0,Silence0,33
22,0.234667,2048,0,Silence0,27
23,0.245333,2048,0,Silence0,27
24,0.256,2048,0,Silence0,27
25,0.266667,2048,0,Silence0,33
26,0.277333,2048,0,Silence0,27
27,0.288,2048,0,Silence0,27
28,0.298667,2048,0,Silence0,27
29,0.309333,2048,0,Silence0,33
30,0.32,2048,0,Silence0,27
31,0.330667,2048,0,Silence0,27
32,0.341333,2048,0,Silence0,27
33,0.352,2048,0,Silence0,33
34,0.362667,2048,0,Silence0,27
35,0.373333,2048,0,Silence0,27
36,0.384,2048,0,Silence0,27
37,0.394667,2048,0,Silence0,33
38,0.405333,2048,0,Silence0,27
39,0.416,2048,0,Silence0,27
40,0.426667,2048,0,Silence0,27
41,0.437333,2048,0,Silence0,33
42,0.448,2048,0,Silence0,27
43,0.458667,2048,0,Silence0,27
44,0.469333,2048,0,Silence0,27
45,0.48,2048,0,Silence0,33
46,0.490667,2048,0,Silence0,27
47,0.501333,2048,0,Silence0,27
48,0.512,2048,0,Silence0,27
49,0.522667,2048,0,Silence0,34
50,0.533333,2048,0,Silence0,27
51,0.544,2048,0,Silence0,27
52,0.554667,2048,0,Silence0,27
53,0.565333,2048,0,Silence0,33
54,0.576,2048,0,Silence0,27
55,0.586667,2048,0,Silence0,27
56,0.597333,2048,0,Silence0,27
57,0.608,2048,0,Silence0,33
58,0.618667,2048,0,Silence0,27
59,0.629333,2048,0,Silence0,27
60,0.64,2048,0,Silence0,27
61,0.650667,2048,0,Silence0,34
62,0.661333,2048,0,Silence0,27
63,0.672,2048,0,Silence0,28
64,0.682667,2048,0,Silence0,27
65,0.693333,2048,0,Silence0,33
66,0.704,2048,0,Silence0,27
67,0.714667,2048,0,Silence0,27
68,0.725333,2048,0,Silence0,27
69,0.736,2048,0,Silence0,33
70,0.746667,2048,0,Silence0,27
71,0.757333,2048,0,Silence0,27
72,0.768,2048,0,Silence0,27
73,0.778667,2048,0,Silence0,34
74,0.789333,2048,0,Silence0,27
75,0.8,2048,0,Silence0,27
76,0.810667,2048,0,Silence0,27
77,0.821333,2048,0,Silence0,34
78,0.832,2048,0,Silence0,27
79,0.842667,2048,0,Silence0,31
80,0.853333,2048,0,Silence0,37
81,0.864,2048,0,Silence0,37
82,0.874667,2048,0,Silence0,27
83,0.885333,2048,0,Silence0,27
84,0.896,2048,0,Silence0,28
85,0.906667,2048,0,Silence0,36
86,0.917333,2048,0,Silence0,27
87,0.928,2048,0,Silence0,27
88,0.938667,2048,0,Silence0,27
89,0.949333,2048,0,Silence0,34
90,0.96,2048,0,Silence0,27
91,0.970667,2048,0,Silence0,27
92,0.981333,2048,0,Silence0,27
93,0.992,2048,0,Silence0,33
94,1.00267,2048,0,Silence0,27
95,1.01333,2048,0,Silence0,27
96,1.024,2048,0,Silence0,27
97,1.03467,2048,0,Silence0,34
98,1.04533,2048,0,Silence0,27
99,1.056,2048,0,Silence0,27
100,1.06667,2048,0,Silence0,27
101,1.07733,2048,0,Silence0,33
102,1.088,2048,0,Silence0,27
103,1.09867,2048,0,Silence0,27
104,1.10933,2048,0,Silence0,27
105,1.12,2048,0,Silence0,34
106,1.13067,2048,0,Silence0,27
107,1.14133,2048,0,Silence0,27
108,1.152,2048,0,Silence0,27
109,1.16267,2048,0,Silence0,34
110,1.17333,2048,0,Silence0,27
111,1.184,2048,0,Silence0,27
112,1.19467,2048,0,Silence0,27
113,1.20533,2048,0,Silence0,34
114,1.216,2048,0,Silence0,27
115,1.22667,2048,0,Silence0,27
116,1.23733,2048,0,Silence0,27
117,1.248,2048,0,Silence0,33
118,1.25867,2048,0,Silence0,27
119,1.26933,2048,0,Silence0,27
120,1.28,2048,0,Silence0,27
121,1.29067,2048,0,Silence0,34
122,1.30133,2048,0,Silence0,27
123,1.312,2048,0,Silence0,27
124,1.32267,2048,0,Silence0,27
125,1.33333,2048,0,Silence0,34
126,1.344,2048,0,Silence0,27
127,1.35467,2048,0,Silence0,27
128,1.36533,2048,0,Silence0,27
129,1.376,2048,0,Silence0,34
130,1.38667,2048,0,Silence0,27
131,1.39733,2048,0,Silence0,27
132,1.408,2048,0,Silence0,27
133,1.41867,2048,0,Silence0,34
134,1.42933,2048,0,Silence0,27
135,1.44,2048,0,Silence0,27
136,1.45067,2048,0,Silence0,27
137,1.46133,2048,0,Silence0,34
138,1.472,2048,0,Silence0,27
139,1.48267,2048,0,Silence0,27
140,1.49333,2048,0,Silence0,27
141,1.504,2048,0,Silence0,34
142,1.51467,2048,0,Silence0,27
143,1.52533,2048,0,Silence0,27
144,1.536,2048,0,Silence0,27
145,1.54667,2048,0,Silence0,36
146,1.55733,2048,0,Silence0,27
147,1.568,2048,0,Silence0,27
148,1.57867,2048,0,Silence0,27
149,1.58933,2048,0,Silence0,35
150,1.6,2048,0,Silence0,27
151,1.61067,2048,0,Silence0,27
152,1.62133,2048,0,Silence0,27
153,1.632,2048,0,Silence0,34
154,1.64267,2048,0,Silence0,27
155,1.65333,2048,0,Silence0,27
156,1.664,2048,0,Silence0,27
157,1.67467,2048,0,Silence0,34
158,1.68533,2048,0,Silence0,27
159,1.696,2048,0,Silence0,27
160,1.70667,2048,0,Silence0,27
161,1.71733,2048,0,Silence0,34
162,1.728,2048,0,Silence0,27
163,1.73867,2048,0,Silence0,27
164,1.74933,2048,0,Silence0,27
165,1.76,2048,0,Silence0,33
166,1.77067,2048,0,Silence0,27
167,1.78133,2048,0,Silence0,27
168,1.792,2048,0,Silence0,27
169,1.80267,2048,0,Silence0,34
170,1.81333,2048,0,Silence0,27
171,1.824,2048,0,Silence0,27
172,1.83467,2048,0,Silence0,27
173,1.84533,2048,0,Silence0,33
174,1.856,2048,0,Silence0,27
175,1.86667,2048,0,Silence0,27
176,1.87733,2048,0,Silence0,27
177,1.888,2048,0,Silence0,35
178,1.89867,2048,0,Silence0,27
179,1.90933,2048,0,Silence0,27
180,1.92,2048,0,Silence0,27
181,1.93067,2048,0,Silence0,36
182,1.94133,2048,0,Silence0,27
183,1.952,2048,0,Silence0,27
184,1.96267,2048,0,Silence0,27
185,1.97333,2048,0,Silence0,35
186,1.984,2048,0,Silence0,27
187,1.99467,2048,0,Silence0,27
188,2.00533,2048,9031.36,C#9,27
189,2.016,2048,268.335,C4,35
190,2.02667,2048,261.632,C4,26
191,2.03733,2048,261.249,C4,26
192,2.048,2048,261.496,C4,26
193,2.05867,2048,261.646,C4,37
194,2.06933,2048,261.623,C4,26
195,2.08,2048,261.623,C4,26
196,2.09067,2048,261.618,C4,26
197,2.10133,2048,261.589,C4,33
198,2.112,2048,261.623,C4,26
199,2.12267,2048,261.65,C4,26
200,2.13333,2048,261.645,C4,26
201,2.144,2048,261.714,C4,33
202,2.15467,2048,261.687,C4,26
203,2.16533,2048,261.691,C4,26
204,2.176,2048,261.691,C4,26
205,2.18667,2048,261.701,C4,34
206,2.19733,2048,261.646,C4,27
207,2.208,2048,261.644,C4,26
208,2.21867,2048,261.64,C4,26
209,2.22933,2048,261.636,C4,33
210,2.24,2048,261.587,C4,27
211,2.25067,2048,261.583,C4,27
212,2.26133,2048,261.607,C4,26
213,2.272,2048,261.61,C4,34
214,2.28267,2048,261.597,C4,26
215,2.29333,2048,261.632,C4,26
216,2.304,2048,261.614,C4,27
217,2.31467,2048,261.633,C4,38
218,2.32533,2048,261.662,C4,27
219,2.336,2048,261.66,C4,26
220,2.34667,2048,261.728,C4,26
221,2.35733,2048,261.673,C4,35
222,2.368,2048,261.7,C4,26
223,2.37867,2048,261.679,C4,26
224,2.38933,2048,261.614,C4,26
225,2.4,2048,261.633,C4,33
226,2.41067,2048,261.63,C4,26
227,2.42133,2048,261.626,C4,26
228,2.432,2048,261.617,C4,54
229,2.44267,2048,261.607,C4,68
230,2.45333,2048,261.598,C4,29
231,2.464,2048,261.591,C4,28
232,2.47467,2048,261.579,C4,28
233,2.48533,2048,261.596,C4,35
234,2.496,2048,261.645,C4,28
235,2.50667,2048,275.079,C#4,29
236,2.51733,2048,199.133,C4,29
237,2.528,2048,291.617,D4,35
238,2.53867,2048,293.65,D4,28
239,2.54933,2048,294.418,D4,28
240,2.56,2048,293.793,D4,27
241,2.57067,2048,293.648,D4,35
242,2.58133,2048,293.949,D4,28
243,2.592,2048,293.86,D4,27
244,2.60267,2048,293.745,D4,27
245,2.61333,2048,293.926,D4,34
246,2.624,2048,293.972,D4,28
247,2.63467,2048,293.703,D4,27
248,2.64533,2048,293.95,D4,27
249,2.656,2048,294.024,D4,34
250,2.66667,2048,293.789,D4,28
251,2.67733,2048,293.808,D4,27
252,2.688,2048,294.215,D4,27
253,2.69867,2048,293.956,D4,34
254,2.70933,2048,293.609,D4,28
255,2.72,2048,294.275,D4,27
256,2.73067,2048,293.855,D4,27
257,2.74133,2048,293.641,D4,34
258,2.752,2048,294.142,D4,28
259,2.76267,2048,293.975,D4,27
260,2.77333,2048,293.426,D4,27
261,2.784,2048,293.983,D4,35
262,2.79467,2048,293.944,D4,28
263,2.80533,2048,293.229,D4,28
264,2.816,2048,293.798,D4,27
265,2.82667,2048,293.86,D4,35
266,2.83733,2048,293.345,D4,28
267,2.848,2048,293.607,D4,28
268,2.85867,2048,294.035,D4,27
269,2.86933,2048,293.176,D4,35
270,2.88,2048,293.56,D4,28
271,2.89067,2048,294.234,D4,28
272,2.90133,2048,293.567,D4,28
273,2.912,2048,293.728,D4,35
274,2.92267,2048,293.816,D4,28
275,2.93333,2048,293.789,D4,27
276,2.944,2048,293.671,D4,28
277,2.95467,2048,293.916,D4,34
278,2.96533,2048,293.911,D4,28
279,2.976,2048,293.697,D4,27
280,2.98667,2048,293.82,D4,27
281,2.99733,2048,293.867,D4,34
282,3.008,2048,312.114,D#4,29
283,3.01867,2048,324.712,E4,28
284,3.02933,2048,320.022,D#4,27
285,3.04,2048,317.73,D#4,34
286,3.05067,2048,319.217,D#4,29
287,3.06133,2048,317.13,D#4,28
288,3.072,2048,332.309,E4,27
289,3.08267,2048,329.324,E4,34
290,3.09333,2048,329.341,E4,28
291,3.104,2048,329.947,E4,27
292,3.11467,2048,329.286,E4,27
293,3.12533,2048,329.732,E4,35
294,3.136,2048,329.593,E4,27
295,3.14667,2048,329.903,E4,27
296,3.15733,2048,330.047,E4,27
297,3.168,2048,329.169,E4,35
298,3.17867,2048,329.487,E4,28
299,3.18933,2048,329.744,E4,27
300,3.2,2048,329.606,E4,27
301,3.21067,2048,329.718,E4,34
302,3.22133,2048,329.138,E4,28
303,3.232,2048,329.655,E4,27
304,3.24267,2048,329.787,E4,27
305,3.25333,2048,329.157,E4,34
306,3.264,2048,329.677,E4,28
307,3.27467,2048,329.617,E4,27
308,3.28533,2048,329.908,E4,27
309,3.296,2048,330.019,E4,34
310,3.30667,2048,329.089,E4,28
311,3.31733,2048,329.671,E4,27
312,3.328,2048,329.978,E4,27
313,3.33867,2048,329.533,E4,35
314,3.34933,2048,329.722,E4,28
315,3.36,2048,329.425,E4,27
316,3.37067,2048,329.774,E4,27
317,3.38133,2048,330.255,E4,35
318,3.392,2048,328.606,E4,28
319,3.40267,2048,329.621,E4,27
320,3.41333,2048,329.817,E4,27
321,3.424,2048,329.594,E4,34
322,3.43467,2048,329.765,E4,28
323,3.44533,2048,329.323,E4,27
324,3.456,2048,329.566,E4,27
325,3.46667,2048,329.572,E4,34
326,3.47733,2048,329.539,E4,28
327,3.488,2048,329.448,E4,27
328,3.49867,2048,328.623,E4,27
329,3.50933,2048,353.506,F4,36
330,3.52,2048,348.68,F4,29
331,3.53067,2048,348.8,F4,27
332,3.54133,2048,349.396,F4,27
333,3.552,2048,349.056,F4,34
334,3.56267,2048,349.213,F4,28
335,3.57333,2048,349.223,F4,27
336,3.584,2048,349.29,F4,27
337,3.59467,2048,349.434,F4,34
338,3.60533,2048,348.974,F4,28
339,3.616,2048,349.157,F4,27
340,3.62667,2048,349.287,F4,27
341,3.63733,2048,349.332,F4,34
342,3.648,2048,349.393,F4,27
343,3.65867,2048,348.965,F4,27
344,3.66933,2048,349.168,F4,27
345,3.68,2048,349.35,F4,34
346,3.69067,2048,349.572,F4,27
347,3.70133,2048,349.444,F4,27
348,3.712,2048,349.026,F4,27
349,3.72267,2048,349.239,F4,34
350,3.73333,2048,349.536,F4,27
351,3.744,2048,349.589,F4,27
352,3.75467,2048,349.165,F4,27
353,3.76533,2048,349.103,F4,34
354,3.776,2048,349.177,F4,27
355,3.78667,2048,349.301,F4,27
356,3.79733,2048,349.517,F4,27
357,3.808,2048,348.935,F4,34
358,3.81867,2048,348.99,F4,27
359,3.82933,2048,349.287,F4,27
360,3.84,2048,349.401,F4,27
361,3.85067,2048,349.458,F4,34
362,3.86133,2048,348.95,F4,28
363,3.872,2048,349.299,F4,27
364,3.88267,2048,349.37,F4,27
365,3.89333,2048,349.181,F4,34
366,3.904,2048,349.441,F4,27
367,3.91467,2048,351.544,F4,27
368,3.92533,2048,0,Silence0,27
369,3.936,2048,0,Silence0,35
370,3.94667,2048,0,Silence0,27
371,3.95733,2048,0,Silence0,27
372,3.968,2048,0,Silence0,27
373,3.97867,2048,0,Silence0,35
374,3.98933,2048,0,Silence0,28
375,4,2048,0,Silence0,27
376,4.01067,2048,396.119,G4,27
377,4.02133,2048,396.544,G4,36
378,4.032,2048,392.63,G4,28
379,4.04267,2048,392.117,G4,27
380,4.05333,2048,392.463,G4,27
381,4.064,2048,392.331,G4,34
382,4.07467,2048,392.603,G4,27
383,4.08533,2048,392.64,G4,27
384,4.096,2048,391.973,G4,27
385,4.10667,2048,392.723,G4,33
386,4.11733,2048,391.936,G4,27
387,4.128,2048,392.598,G4,27
388,4.13867,2048,391.74,G4,27
389,4.14933,2048,392.562,G4,35
390,4.16,2048,391.971,G4,28
391,4.17067,2048,392.484,G4,27
392,4.18133,2048,391.988,G4,27
393,4.192,2048,392.434,G4,37
394,4.20267,2048,392.568,G4,26
395,4.21333,2048,391.887,G4,26
396,4.224,2048,392.548,G4,26
397,4.23467,2048,391.735,G4,33
398,4.24533,2048,392.703,G4,26
399,4.256,2048,391.546,G4,26
400,4.26667,2048,392.772,G4,25
401,4.27733,2048,391.991,G4,32
402,4.288,2048,392.805,G4,26
403,4.29867,2048,392.087,G4,26
404,4.30933,2048,392.672,G4,26
405,4.32,2048,392.288,G4,33
406,4.33067,2048,392.564,G4,28
407,4.34133,2048,392.148,G4,26
408,4.352,2048,392.426,G4,26
409,4.36267,2048,392.073,G4,32
410,4.37333,2048,392.185,G4,26
411,4.384,2048,391.656,G4,25
412,4.39467,2048,391.775,G4,26
413,4.40533,2048,392.119,G4,33
414,4.416,2048,392.23,G4,26
415,4.42667,2048,392.22,G4,25
416,4.43733,2048,392.256,G4,25
417,4.448,2048,392.344,G4,33
418,4.45867,2048,392.331,G4,26
419,4.46933,2048,392.412,G4,25
420,4.48,2048,392.369,G4,25
421,4.49067,2048,392.392,G4,32
422,4.50133,2048,392.359,G4,26
423,4.512,2048,430.894,A4,25
424,4.52267,2048,424.09,G#4,27
425,4.53333,2048,422.019,G#4,33
426,4.544,2048,422.743,G#4,25
427,4.55467,2048,441.435,A4,25
428,4.56533,2048,439.906,A4,25
429,4.576,2048,440.593,A4,33
430,4.58667,2048,439.974,A4,25
431,4.59733,2048,440.679,A4,25
432,4.608,2048,439.851,A4,25
433,4.61867,2048,440.83,A4,32
434,4.62933,2048,439.894,A4,25
435,4.64,2048,440.947,A4,25
436,4.65067,2048,439.972,A4,25
437,4.66133,2048,440.994,A4,32
438,4.672,2048,439.95,A4,25
439,4.68267,2048,440.895,A4,25
440,4.69333,2048,439.97,A4,25
441,4.704,2048,440.965,A4,32
442,4.71467,2048,439.915,A4,25
443,4.72533,2048,440.924,A4,25
444,4.736,2048,439.906,A4,25
445,4.74667,2048,440.818,A4,32
446,4.75733,2048,439.848,A4,25
447,4.768,2048,440.753,A4,25
448,4.77867,2048,439.901,A4,25
449,4.78933,2048,440.795,A4,32
450,4.8,2048,439.948,A4,25
451,4.81067,2048,440.817,A4,25
452,4.82133,2048,440.145,A4,25
453,4.832,2048,440.79,A4,32
454,4.84267,2048,440.128,A4,25
455,4.85333,2048,440.897,A4,25
456,4.864,2048,440.193,A4,25
457,4.87467,2048,440.745,A4,32
458,4.88533,2048,440.085,A4,26
459,4.896,2048,440.102,A4,25
460,4.90667,2048,440.336,A4,25
461,4.91733,2048,440.524,A4,32
462,4.928,2048,440.261,A4,26
463,4.93867,2048,440.611,A4,25
464,4.94933,2048,440.124,A4,25
465,4.96,2048,440.557,A4,32
466,4.97067,2048,440.114,A4,26
467,4.98133,2048,440.578,A4,25
468,4.992,2048,440.088,A4,25
469,5.00267,2048,440.56,A4,32
470,5.01333,2048,486.072,B4,27
471,5.024,2048,502.645,B4,25
472,5.03467,2048,493.718,B4,25
473,5.04533,2048,493.917,B4,32
474,5.056,2048,494.658,B4,25
475,5.06667,2048,493.587,B4,25
476,5.07733,2048,494.855,B4,25
477,5.088,2048,493.764,B4,33
478,5.09867,2048,494.39,B4,25
479,5.10933,2048,494.115,B4,25
480,5.12,2048,493.616,B4,25
481,5.13067,2048,494.544,B4,33
482,5.14133,2048,493.261,B4,25
483,5.152,2048,494.53,B4,25
484,5.16267,2048,493.695,B4,25
485,5.17333,2048,494.124,B4,31
486,5.184,2048,494.313,B4,25
487,5.19467,2048,493.516,B4,25
488,5.20533,2048,494.727,B4,25
489,5.216,2048,493.321,B4,32
490,5.22667,2048,494.623,B4,28
491,5.23733,2048,493.667,B4,25
492,5.248,2048,494.391,B4,25
493,5.25867,2048,494.161,B4,32
494,5.26933,2048,493.908,B4,25
495,5.28,2048,494.712,B4,25
496,5.29067,2048,493.59,B4,25
497,5.30133,2048,494.673,B4,32
498,5.312,2048,493.71,B4,26
499,5.32267,2048,494.107,B4,25
500,5.33333,2048,494.209,B4,25
501,5.344,2048,493.415,B4,32
502,5.35467,2048,494.7,B4,25
503,5.36533,2048,493.362,B4,25
504,5.376,2048,494.595,B4,25
505,5.38667,2048,493.68,B4,33
506,5.39733,2048,494.057,B4,25
507,5.408,2048,493.703,B4,25
508,5.41867,2048,494.487,B4,25
509,5.42933,2048,493.983,B4,32
510,5.44,2048,494.17,B4,25
511,5.45067,2048,494.393,B4,25
512,5.46133,2048,493.701,B4,25
513,5.472,2048,494.753,B4,32
514,5.48267,2048,493.753,B4,25
515,5.49333,2048,494.394,B4,28
516,5.504,2048,502.961,B4,25
517,5.51467,2048,217.035,C4,34
518,5.52533,2048,530.477,C5,26
519,5.536,2048,510.475,C5,27
520,5.54667,2048,524.1,C5,25
521,5.55733,2048,522.883,C5,33
522,5.568,2048,523.145,C5,25
523,5.57867,2048,523.485,C5,27
524,5.58933,2048,522.958,C5,25
525,5.6,2048,523.091,C5,32
526,5.61067,2048,523.523,C5,25
527,5.62133,2048,523.094,C5,25
528,5.632,2048,523.253,C5,25
529,5.64267,2048,523.583,C5,32
530,5.65333,2048,523.236,C5,25
531,5.664,2048,523.204,C5,25
532,5.67467,2048,523.613,C5,25
533,5.68533,2048,523.33,C5,32
534,5.696,2048,522.99,C5,25
535,5.70667,2048,523.282,C5,25
536,5.71733,2048,523.397,C5,25
537,5.728,2048,522.894,C5,32
538,5.73867,2048,523.137,C5,25
539,5.74933,2048,523.549,C5,25
540,5.76,2048,523.066,C5,25
541,5.77067,2048,523.004,C5,32
542,5.78133,2048,523.578,C5,25
543,5.792,2048,523.168,C5,25
544,5.80267,2048,522.941,C5,25
545,5.81333,2048,523.581,C5,33
546,5.824,2048,523.328,C5,25
547,5.83467,2048,523.054,C5,25
548,5.84533,2048,523.535,C5,25
549,5.856,2048,523.441,C5,32
550,5.86667,2048,523.127,C5,25
551,5.87733,2048,523.421,C5,25
552,5.888,2048,523.947,C5,25
553,5.89867,2048,522.926,C5,32
554,5.90933,2048,523.268,C5,25
555,5.92,2048,523.094,C5,25
556,5.93067,2048,523.059,C5,25
557,5.94133,2048,523.334,C5,32
558,5.952,2048,523.17,C5,25
559,5.96267,2048,525.909,C5,25
560,5.97333,2048,0,Silence0,27
561,5.984,2048,0,Silence0,32
562,5.99467,2048,0,Silence0,27
563,6.00533,2048,0,Silence0,27
564,6.016,2048,213.49,C4,27
565,6.02667,2048,523.016,C5,32
566,6.03733,2048,523.33,C5,25
567,6.048,2048,523.314,C5,25
568,6.05867,2048,523.355,C5,25
569,6.06933,2048,523.254,C5,33
570,6.08,2048,523.24,C5,25
571,6.09067,2048,523.246,C5,25
572,6.10133,2048,523.136,C5,25
573,6.112,2048,523.082,C5,32
574,6.12267,2048,523.181,C5,25
575,6.13333,2048,523.179,C5,25
576,6.144,2048,523.112,C5,25
577,6.15467,2048,523.172,C5,32
578,6.16533,2048,523.232,C5,25
579,6.176,2048,523.22,C5,25
580,6.18667,2048,523.273,C5,25
581,6.19733,2048,523.299,C5,32
582,6.208,2048,523.277,C5,25
583,6.21867,2048,523.343,C5,25
584,6.22933,2048,523.348,C5,25
585,6.24,2048,523.281,C5,33
586,6.25067,2048,523.298,C5,25
587,6.26133,2048,523.328,C5,25
588,6.272,2048,523.248,C5,25
589,6.28267,2048,523.218,C5,32
590,6.29333,2048,523.19,C5,25
591,6.304,2048,523.117,C5,25
592,6.31467,2048,523.122,C5,25
593,6.32533,2048,523.178,C5,33
594,6.336,2048,522.904,C5,25
595,6.34667,2048,523.067,C5,25
596,6.35733,2048,523.179,C5,25
597,6.368,2048,523.284,C5,32
598,6.37867,2048,523.267,C5,25
599,6.38933,2048,524.202,C5,25
600,6.4,2048,523.371,C5,25
601,6.41067,2048,523.333,C5,33
602,6.42133,2048,523.311,C5,25
603,6.432,2048,523.339,C5,25
604,6.44267,2048,523.331,C5,25
605,6.45333,2048,523.27,C5,32
606,6.464,2048,523.163,C5,25
607,6.47467,2048,523.239,C5,25
608,6.48533,2048,523.312,C5,25
609,6.496,2048,0,Silence0,32
610,6.50667,2048,498.135,B4,27
611,6.51733,2048,507.089,B4,27
612,6.528,2048,493.243,B4,25
613,6.53867,2048,494.518,B4,32
614,6.54933,2048,493.344,B4,25
615,6.56,2048,493.996,B4,25
616,6.57067,2048,494.765,B4,25
617,6.58133,2048,493.736,B4,33
618,6.592,2048,493.87,B4,25
619,6.60267,2048,494.909,B4,25
620,6.61333,2048,493.981,B4,25
621,6.624,2048,493.578,B4,32
622,6.63467,2048,494.828,B4,25
623,6.64533,2048,494.305,B4,25
624,6.656,2048,493.52,B4,25
625,6.66667,2048,494.408,B4,32
626,6.67733,2048,494.386,B4,25
627,6.688,2048,493.351,B4,25
628,6.69867,2048,494.064,B4,42
629,6.70933,2048,494.516,B4,31
630,6.72,2048,493.558,B4,25
631,6.73067,2048,493.849,B4,25
632,6.74133,2048,494.679,B4,25
633,6.752,2048,493.63,B4,32
634,6.76267,2048,493.71,B4,25
635,6.77333,2048,494.784,B4,25
636,6.784,2048,494.096,B4,25
637,6.79467,2048,493.584,B4,34
638,6.80533,2048,494.748,B4,25
639,6.816,2048,494.388,B4,25
640,6.82667,2048,493.496,B4,25
641,6.83733,2048,494.438,B4,35
642,6.848,2048,494.501,B4,25
643,6.85867,2048,493.494,B4,25
644,6.86933,2048,494.238,B4,24
645,6.88,2048,493.896,B4,31
646,6.89067,2048,494.374,B4,25
647,6.90133,2048,493.952,B4,24
648,6.912,2048,494.195,B4,25
649,6.92267,2048,493.93,B4,32
650,6.93333,2048,493.805,B4,25
651,6.944,2048,494.278,B4,24
652,6.95467,2048,494.121,B4,25
653,6.96533,2048,493.827,B4,32
654,6.976,2048,494.42,B4,25
655,6.98667,2048,494.25,B4,24
656,6.99733,2048,494.121,B4,25
657,7.008,2048,450.152,A4,34
658,7.01867,2048,461.928,A#4,26
659,7.02933,2048,449.828,A4,25
660,7.04,2048,459.277,A#4,25
661,7.05067,2048,438.305,A4,32
662,7.06133,2048,440.152,A4,25
663,7.072,2048,440.143,A4,25
664,7.08267,2048,440.346,A4,25
665,7.09333,2048,440.034,A4,32
666,7.104,2048,440.829,A4,25
667,7.11467,2048,439.965,A4,25
668,7.12533,2048,440.848,A4,25
669,7.136,2048,440.073,A4,31
670,7.14667,2048,440.485,A4,25
671,7.15733,2048,440.387,A4,25
672,7.168,2048,440.178,A4,25
673,7.17867,2048,440.855,A4,31
674,7.18933,2048,440.188,A4,25
675,7.2,2048,441.015,A4,25
676,7.21067,2048,440.252,A4,25
677,7.22133,2048,440.748,A4,47
678,7.232,2048,440.392,A4,26
679,7.24267,2048,440.183,A4,25
680,7.25333,2048,440.696,A4,25
681,7.264,2048,439.955,A4,32
682,7.27467,2048,440.731,A4,25
683,7.28533,2048,440.159,A4,25
684,7.296,2048,440.361,A4,25
685,7.30667,2048,440.617,A4,31
686,7.31733,2048,439.966,A4,25
687,7.328,2048,440.837,A4,25
688,7.33867,2048,439.898,A4,24
689,7.34933,2048,440.77,A4,31
690,7.36,2048,440.176,A4,25
691,7.37067,2048,440.707,A4,25
692,7.38133,2048,439.98,A4,24
693,7.392,2048,440.73,A4,31
694,7.40267,2048,440.867,A4,25
695,7.41333,2048,440.228,A4,25
696,7.424,2048,440.511,A4,25
697,7.43467,2048,440.192,A4,31
698,7.44533,2048,440.568,A4,25
699,7.456,2048,440.076,A4,25
700,7.46667,2048,440.55,A4,24
701,7.47733,2048,440.253,A4,31
702,7.488,2048,440.424,A4,25
703,7.49867,2048,440.425,A4,25
704,7.50933,2048,381.874,G4,25
705,7.52,2048,388.484,G4,33
706,7.53067,2048,391.835,G4,25
707,7.54133,2048,392.1,G4,25
708,7.552,2048,392.463,G4,25
709,7.56267,2048,392.216,G4,31
710,7.57333,2048,392.496,G4,25
711,7.584,2048,392.329,G4,25
712,7.59467,2048,392.387,G4,25
713,7.60533,2048,392.444,G4,31
714,7.616,2048,392.341,G4,25
715,7.62667,2048,392.229,G4,25
716,7.63733,2048,392.187,G4,25
717,7.648,2048,392.205,G4,32
718,7.65867,2048,392.064,G4,25
719,7.66933,2048,392.267,G4,25
720,7.68,2048,392.108,G4,25
721,7.69067,2048,392.29,G4,31
722,7.70133,2048,391.925,G4,25
723,7.712,2048,392.506,G4,25
724,7.72267,2048,391.968,G4,25
725,7.73333,2048,392.663,G4,31
726,7.744,2048,392.012,G4,25
727,7.75467,2048,392.776,G4,25
728,7.76533,2048,392.034,G4,25
729,7.776,2048,392.831,G4,31
730,7.78667,2048,391.856,G4,25
731,7.79733,2048,392.803,G4,25
732,7.808,2048,391.953,G4,25
733,7.81867,2048,392.746,G4,31
734,7.82933,2048,391.869,G4,25
735,7.84,2048,392.801,G4,25
736,7.85067,2048,391.774,G4,25
737,7.86133,2048,392.761,G4,31
738,7.872,2048,391.785,G4,25
739,7.88267,2048,392.095,G4,25
740,7.89333,2048,391.839,G4,25
741,7.904,2048,391.961,G4,31
742,7.91467,2048,392.416,G4,25
743,7.92533,2048,392.624,G4,25
744,7.936,2048,0,Silence0,26
745,7.94667,2048,0,Silence0,32
746,7.95733,2048,0,Silence0,26
747,7.968,2048,0,Silence0,26
748,7.97867,2048,0,Silence0,25
749,7.98933,2048,0,Silence0,32
750,8,2048,0,Silence0,25
751,8.01067,2048,345.213,F4,25
752,8.02133,2048,344.823,F4,26
753,8.032,2048,348.892,F4,31
754,8.04267,2048,349.228,F4,25
755,8.05333,2048,349.434,F4,25
756,8.064,2048,348.992,F4,25
757,8.07467,2048,349.601,F4,31
758,8.08533,2048,348.916,F4,25
759,8.096,2048,349.601,F4,25
760,8.10667,2048,348.977,F4,25
761,8.11733,2048,349.571,F4,34
762,8.128,2048,349.117,F4,25
763,8.13867,2048,349.306,F4,25
764,8.14933,2048,349.255,F4,25
765,8.16,2048,349.364,F4,31
766,8.17067,2048,349.313,F4,25
767,8.18133,2048,349.238,F4,25
768,8.192,2048,349.552,F4,25
769,8.20267,2048,349.096,F4,31
770,8.21333,2048,349.673,F4,25
771,8.224,2048,348.927,F4,25
772,8.23467,2048,349.617,F4,25
773,8.24533,2048,348.946,F4,31
774,8.256,2048,349.385,F4,25
775,8.26667,2048,349.124,F4,25
776,8.27733,2048,349.23,F4,25
777,8.288,2048,349.228,F4,31
778,8.29867,2048,349.24,F4,25
779,8.30933,2048,349.077,F4,25
780,8.32,2048,349.431,F4,25
781,8.33067,2048,349.185,F4,31
782,8.34133,2048,349.476,F4,25
783,8.352,2048,349.309,F4,25
784,8.36267,2048,349.408,F4,25
785,8.37333,2048,349.52,F4,31
786,8.384,2048,349.164,F4,25
787,8.39467,2048,349.336,F4,25
788,8.40533,2048,349.032,F4,25
789,8.416,2048,349.374,F4,31
790,8.42667,2048,349.075,F4,25
791,8.43733,2048,349.197,F4,24
792,8.448,2048,349.218,F4,24
793,8.45867,2048,349.248,F4,30
794,8.46933,2048,349.148,F4,24
795,8.48,2048,350.849,F4,24
796,8.49067,2048,0,Silence0,24
797,8.50133,2048,352.924,F4,31
798,8.512,2048,366.251,F#4,25
799,8.52267,2048,326.643,E4,24
800,8.53333,2048,329.404,E4,24
801,8.544,2048,329.484,E4,30
802,8.55467,2048,329.571,E4,24
803,8.56533,2048,329.48,E4,24
804,8.576,2048,329.782,E4,24
805,8.58667,2048,329.76,E4,30
806,8.59733,2048,329.565,E4,24
807,8.608,2048,329.57,E4,24
808,8.61867,2048,329.364,E4,24
809,8.62933,2048,329.836,E4,31
810,8.64,2048,329.611,E4,24
811,8.65067,2048,329.373,E4,24
812,8.66133,2048,329.481,E4,24
813,8.672,2048,329.488,E4,30
814,8.68267,2048,329.851,E4,24
815,8.69333,2048,329.575,E4,24
816,8.704,2048,329.471,E4,24
817,8.71467,2048,329.558,E4,30
818,8.72533,2048,329.657,E4,24
819,8.736,2048,329.899,E4,24
820,8.74667,2048,329.633,E4,24
821,8.75733,2048,329.557,E4,31
822,8.768,2048,329.482,E4,24
823,8.77867,2048,329.774,E4,24
824,8.78933,2048,329.735,E4,24
825,8.8,2048,329.522,E4,30
826,8.81067,2048,329.452,E4,24
827,8.82133,2048,329.379,E4,24
828,8.832,2048,329.713,E4,24
829,8.84267,2048,329.675,E4,30
830,8.85333,2048,329.461,E4,24
831,8.864,2048,329.578,E4,24
832,8.87467,2048,329.493,E4,24
833,8.88533,2048,329.852,E4,30
834,8.896,2048,330.009,E4,24
835,8.90667,2048,329.825,E4,24
836,8.91733,2048,329.689,E4,24
837,8.928,2048,329.614,E4,30
838,8.93867,2048,329.693,E4,24
839,8.94933,2048,329.75,E4,24
840,8.96,2048,329.76,E4,24
841,8.97067,2048,329.546,E4,30
842,8.98133,2048,329.667,E4,24
843,8.992,2048,329.604,E4,24
844,9.00267,2048,329.633,E4,24
845,9.01333,2048,321.471,E4,30
846,9.024,2048,298.647,D4,24
847,9.03467,2048,299.387,D4,24
848,9.04533,2048,300.689,D4,24
849,9.056,2048,292.696,D4,30
850,9.06667,2048,294.884,D4,24
851,9.07733,2048,293.394,D4,24
852,9.088,2048,294.118,D4,24
853,9.09867,2048,293.952,D4,30
854,9.10933,2048,293.773,D4,24
855,9.12,2048,293.635,D4,24
856,9.13067,2048,293.768,D4,24
857,9.14133,2048,294.207,D4,30
858,9.152,2048,293.704,D4,24
859,9.16267,2048,293.773,D4,24
860,9.17333,2048,293.946,D4,24
861,9.184,2048,293.815,D4,30
862,9.19467,2048,293.858,D4,24
863,9.20533,2048,293.428,D4,24
864,9.216,2048,293.799,D4,24
865,9.22667,2048,294.197,D4,30
866,9.23733,2048,293.577,D4,24
867,9.248,2048,293.731,D4,24
868,9.25867,2048,293.738,D4,24
869,9.26933,2048,293.769,D4,31
870,9.28,2048,294.118,D4,24
871,9.29067,2048,293.405,D4,24
872,9.30133,2048,293.837,D4,24
873,9.312,2048,294.236,D4,31
874,9.32267,2048,293.738,D4,24
875,9.33333,2048,293.95,D4,24
876,9.344,2048,293.628,D4,39
877,9.35467,2048,293.824,D4,30
878,9.36533,2048,294.147,D4,23
879,9.376,2048,293.562,D4,23
880,9.38667,2048,293.881,D4,23
881,9.39733,2048,293.748,D4,30
882,9.408,2048,293.56,D4,24
883,9.41867,2048,293.947,D4,23
884,9.42933,2048,293.523,D4,23
885,9.44,2048,293.81,D4,29
886,9.45067,2048,293.81,D4,23
887,9.46133,2048,293.802,D4,23
888,9.472,2048,293.886,D4,23
889,9.48267,2048,293.695,D4,30
890,9.49333,2048,293.895,D4,24
891,9.504,2048,305.037,D#4,24
892,9.51467,2048,277.106,C#4,24
893,9.52533,2048,267.002,C4,30
894,9.536,2048,263.845,C4,24
895,9.54667,2048,262.203,C4,24
896,9.55733,2048,261.542,C4,24
897,9.568,2048,261.787,C4,29
898,9.57867,2048,261.778,C4,24
899,9.58933,2048,261.503,C4,24
900,9.6,2048,261.666,C4,24
901,9.61067,2048,261.92,C4,30
902,9.62133,2048,261.534,C4,24
903,9.632,2048,261.583,C4,24
904,9.64267,2048,262.033,C4,24
905,9.65333,2048,261.53,C4,29
906,9.664,2048,261.659,C4,23
907,9.67467,2048,261.971,C4,23
908,9.68533,2048,261.657,C4,23
909,9.696,2048,261.522,C4,30
910,9.70667,2048,261.965,C4,23
911,9.71733,2048,261.591,C4,23
912,9.728,2048,261.452,C4,23
913,9.73867,2048,261.813,C4,29
914,9.74933,2048,261.582,C4,23
915,9.76,2048,261.472,C4,23
916,9.77067,2048,261.652,C4,23
917,9.78133,2048,261.574,C4,29
918,9.792,2048,261.442,C4,23
919,9.80267,2048,261.573,C4,23
920,9.81333,2048,261.572,C4,23
921,9.824,2048,261.462,C4,29
922,9.83467,2048,260.782,C4,23
923,9.84533,2048,259.047,C4,23
924,9.856,2048,0,Silence0,23
925,9.86667,2048,0,Silence0,29
926,9.87733,2048,0,Silence0,23
927,9.888,2048,0,Silence0,23
928,9.89867,2048,0,Silence0,23
929,9.90933,2048,0,Silence0,29
930,9.92,2048,0,Silence0,23
931,9.93067,2048,0,Silence0,23
932,9.94133,2048,0,Silence0,23
933,9.952,2048,0,Silence0,29
934,9.96267,2048,0,Silence0,23
935,9.97333,2048,0,Silence0,37
936,9.984,2048,0,Silence0,22
937,9.99467,2048,0,Silence0,28
938,10.0053,2048,0,Silence0,23
939,10.016,2048,268.368,C4,23
940,10.0267,2048,261.578,C4,22
941,10.0373,2048,261.308,C4,28
942,10.048,2048,261.538,C4,22
943,10.0587,2048,261.668,C4,22
944,10.0693,2048,261.7,C4,22
945,10.08,2048,261.707,C4,29
946,10.0907,2048,261.697,C4,22
947,10.1013,2048,261.688,C4,22
948,10.112,2048,261.724,C4,22
949,10.1227,2048,261.672,C4,28
950,10.1333,2048,261.674,C4,22
951,10.144,2048,261.646,C4,22
952,10.1547,2048,261.62,C4,22
953,10.1653,2048,261.606,C4,28
954,10.176,2048,261.62,C4,22
955,10.1867,2048,261.616,C4,22
956,10.1973,2048,261.598,C4,22
957,10.208,2048,261.606,C4,28
958,10.2187,2048,261.62,C4,22
959,10.2293,2048,261.62,C4,25
960,10.24,2048,261.64,C4,22
961,10.2507,2048,261.65,C4,28
962,10.2613,2048,261.625,C4,22
963,10.272,2048,261.693,C4,22
964,10.2827,2048,261.687,C4,22
965,10.2933,2048,261.665,C4,28
966,10.304,2048,261.686,C4,36
967,10.3147,2048,261.695,C4,22
968,10.3253,2048,261.646,C4,22
969,10.336,2048,261.625,C4,27
970,10.3467,2048,261.601,C4,22
971,10.3573,2048,261.599,C4,21
972,10.368,2048,261.594,C4,22
973,10.3787,2048,261.607,C4,27
974,10.3893,2048,261.521,C4,22
975,10.4,2048,261.611,C4,21
976,10.4107,2048,261.6,C4,22
977,10.4213,2048,261.633,C4,27
978,10.432,2048,261.647,C4,22
979,10.4427,2048,261.663,C4,22
980,10.4533,2048,261.696,C4,22
981,10.464,2048,261.684,C4,27
982,10.4747,2048,261.692,C4,22
983,10.4853,2048,261.691,C4,22
984,10.496,2048,261.684,C4,22
985,10.5067,2048,272.803,C#4,28
986,10.5173,2048,308.627,D#4,22
987,10.528,2048,339.36,F4,22
988,10.5387,2048,334.948,E4,22
989,10.5493,2048,326.496,E4,27
990,10.56,2048,328.53,E4,21
991,10.5707,2048,330.122,E4,21
992,10.5813,2048,329.692,E4,21
993,10.592,2048,329.081,E4,27
994,10.6027,2048,329.262,E4,22
995,10.6133,2048,329.905,E4,21
996,10.624,2048,329.736,E4,21
997,10.6347,2048,329.247,E4,27
998,10.6453,2048,329.809,E4,21
999,10.656,2048,329.776,E4,21
1000,10.6667,2048,330.076,E4,21
1001,10.6773,2048,329.147,E4,27
1002,10.688,2048,330.058,E4,21
1003,10.6987,2048,330.149,E4,21
1004,10.7093,2048,329.515,E4,21
1005,10.72,2048,329.338,E4,27
1006,10.7307,2048,329.943,E4,21
1007,10.7413,2048,329.576,E4,21
1008,10.752,2048,328.892,E4,21
1009,10.7627,2048,329.923,E4,27
1010,10.7733,2048,329.745,E4,21
1011,10.784,2048,329.618,E4,21
1012,10.7947,2048,329.283,E4,21
1013,10.8053,2048,329.939,E4,26
1014,10.816,2048,329.705,E4,21
1015,10.8267,2048,329.13,E4,21
1016,10.8373,2048,329.328,E4,21
1017,10.848,2048,329.821,E4,27
1018,10.8587,2048,329.815,E4,21
1019,10.8693,2048,328.867,E4,21
1020,10.88,2048,330.013,E4,21
1021,10.8907,2048,329.305,E4,27
1022,10.9013,2048,329.43,E4,21
1023,10.912,2048,329.396,E4,21
1024,10.9227,2048,329.676,E4,21
1025,10.9333,2048,329.547,E4,27
1026,10.944,2048,329.648,E4,21
1027,10.9547,2048,329.517,E4,21
1028,10.9653,2048,329.348,E4,21
1029,10.976,2048,329.694,E4,27
1030,10.9867,2048,329.567,E4,21
1031,10.9973,2048,329.569,E4,21
1032,11.008,2048,371.325,F#4,22
1033,11.0187,2048,374.166,F#4,28
1034,11.0293,2048,394.037,G4,21
1035,11.04,2048,392.824,G4,21
1036,11.0507,2048,393.183,G4,21
1037,11.0613,2048,391.356,G4,26
1038,11.072,2048,392.349,G4,21
1039,11.0827,2048,392.55,G4,21
1040,11.0933,2048,391.719,G4,21
1041,11.104,2048,392.532,G4,27
1042,11.1147,2048,392.955,G4,21
1043,11.1253,2048,391.776,G4,21
1044,11.136,2048,391.9,G4,21
1045,11.1467,2048,392.579,G4,27
1046,11.1573,2048,391.643,G4,21
1047,11.168,2048,392.179,G4,21
1048,11.1787,2048,393.033,G4,21
1049,11.1893,2048,391.778,G4,27
1050,11.2,2048,392.131,G4,21
1051,11.2107,2048,392.841,G4,21
1052,11.2213,2048,391.505,G4,21
1053,11.232,2048,392.251,G4,27
1054,11.2427,2048,393.186,G4,21
1055,11.2533,2048,392.082,G4,21
1056,11.264,2048,392.418,G4,21
1057,11.2747,2048,392.893,G4,27
1058,11.2853,2048,391.731,G4,21
1059,11.296,2048,391.991,G4,21
1060,11.3067,2048,392.938,G4,21
1061,11.3173,2048,392.064,G4,53
1062,11.328,2048,391.976,G4,22
1063,11.3387,2048,392.873,G4,21
1064,11.3493,2048,391.753,G4,21
1065,11.36,2048,391.779,G4,28
1066,11.3707,2048,392.853,G4,21
1067,11.3813,2048,391.316,G4,21
1068,11.392,2048,392.373,G4,21
1069,11.4027,2048,392.524,G4,28
1070,11.4133,2048,392.101,G4,21
1071,11.424,2048,392.388,G4,21
1072,11.4347,2048,392.365,G4,21
1073,11.4453,2048,392.169,G4,28
1074,11.456,2048,392.53,G4,21
1075,11.4667,2048,392.663,G4,21
1076,11.4773,2048,392.178,G4,22
1077,11.488,2048,392.229,G4,27
1078,11.4987,2048,392.392,G4,21
1079,11.5093,2048,439.416,A4,22
1080,11.52,2048,474.851,A#4,22
1081,11.5307,2048,495.704,B4,27
1082,11.5413,2048,494.359,B4,21
1083,11.552,2048,494.292,B4,21
1084,11.5627,2048,494.272,B4,21
1085,11.5733,2048,494.06,B4,27
1086,11.584,2048,493.739,B4,21
1087,11.5947,2048,493.56,B4,21
1088,11.6053,2048,493.45,B4,21
1089,11.616,2048,493.396,B4,27
1090,11.6267,2048,493.632,B4,21
1091,11.6373,2048,493.982,B4,21
1092,11.648,2048,494.429,B4,21
1093,11.6587,2048,494.62,B4,27
1094,11.6693,2048,494.958,B4,21
1095,11.68,2048,494.765,B4,21
1096,11.6907,2048,494.477,B4,21
1097,11.7013,2048,493.916,B4,27
1098,11.712,2048,493.481,B4,21
1099,11.7227,2048,493.281,B4,21
1100,11.7333,2048,493.017,B4,21
1101,11.744,2048,493.398,B4,33
1102,11.7547,2048,493.712,B4,21
1103,11.7653,2048,494.244,B4,21
1104,11.776,2048,494.56,B4,21
1105,11.7867,2048,494.978,B4,28
1106,11.7973,2048,494.985,B4,21
1107,11.808,2048,494.9,B4,21
1108,11.8187,2048,494.475,B4,21
1109,11.8293,2048,494.086,B4,27
1110,11.84,2048,493.673,B4,21
1111,11.8507,2048,493.325,B4,21
1112,11.8613,2048,493.516,B4,21
1113,11.872,2048,493.546,B4,28
1114,11.8827,2048,493.509,B4,21
1115,11.8933,2048,493.917,B4,21
1116,11.904,2048,493.923,B4,21
1117,11.9147,2048,493.854,B4,27
1118,11.9253,2048,494.078,B4,21
1119,11.936,2048,494.189,B4,21
1120,11.9467,2048,494.306,B4,21
1121,11.9573,2048,494.213,B4,27
1122,11.968,2048,494.369,B4,21
1123,11.9787,2048,494.225,B4,21
1124,11.9893,2048,494.092,B4,21
1125,12,2048,493.66,B4,27
1126,12.0107,2048,519.513,C5,21
1127,12.0213,2048,513.318,C5,22
1128,12.032,2048,522.802,C5,21
1129,12.0427,2048,523.617,C5,27
1130,12.0533,2048,523.347,C5,21
1131,12.064,2048,523.042,C5,21
1132,12.0747,2048,523.457,C5,21
1133,12.0853,2048,523.344,C5,27
1134,12.096,2048,522.906,C5,21
1135,12.1067,2048,523.197,C5,21
1136,12.1173,2048,523.429,C5,21
1137,12.128,2048,523.004,C5,27
1138,12.1387,2048,523.08,C5,21
1139,12.1493,2048,523.481,C5,21
1140,12.16,2048,523.015,C5,21
1141,12.1707,2048,522.902,C5,27
1142,12.1813,2048,523.563,C5,21
1143,12.192,2048,523.163,C5,21
1144,12.2027,2048,523.109,C5,21
1145,12.2133,2048,523.687,C5,28
1146,12.224,2048,523.272,C5,21
1147,12.2347,2048,523.121,C5,21
1148,12.2453,2048,523.584,C5,21
1149,12.256,2048,523.407,C5,27
1150,12.2667,2048,523.013,C5,21
1151,12.2773,2048,523.254,C5,77
1152,12.288,2048,523.492,C5,25
1153,12.2987,2048,522.979,C5,32
1154,12.3093,2048,522.989,C5,23
1155,12.32,2048,523.505,C5,23
1156,12.3307,2048,523.149,C5,23
1157,12.3413,2048,522.903,C5,31
1158,12.352,2048,523.481,C5,23
1159,12.3627,2048,523.277,C5,22
1160,12.3733,2048,522.853,C5,22
1161,12.384,2048,522.867,C5,31
1162,12.3947,2048,522.174,C5,23
1163,12.4053,2048,523.371,C5,22
1164,12.416,2048,523.606,C5,22
1165,12.4267,2048,523.08,C5,30
1166,12.4373,2048,523.346,C5,22
1167,12.448,2048,523.643,C5,22
1168,12.4587,2048,523.082,C5,22
1169,12.4693,2048,523.132,C5,30
1170,12.48,2048,523.357,C5,23
1171,12.4907,2048,522.188,C5,22
1172,12.5013,2048,518.694,C5,22
1173,12.512,2048,527.961,C5,30
1174,12.5227,2048,491.245,B4,23
1175,12.5333,2048,494.765,B4,22
1176,12.544,2048,493.954,B4,22
1177,12.5547,2048,493.463,B4,28
1178,12.5653,2048,494.655,B4,23
1179,12.576,2048,494.194,B4,22
1180,12.5867,2048,493.483,B4,22
1181,12.5973,2048,494.519,B4,29
1182,12.608,2048,494.617,B4,23
1183,12.6187,2048,493.468,B4,22
1184,12.6293,2048,494.265,B4,22
1185,12.64,2048,494.693,B4,29
1186,12.6507,2048,493.64,B4,23
1187,12.6613,2048,493.855,B4,22
1188,12.672,2048,494.626,B4,22
1189,12.6827,2048,493.772,B4,29
1190,12.6933,2048,493.667,B4,23
1191,12.704,2048,494.534,B4,22
1192,12.7147,2048,493.991,B4,22
1193,12.7253,2048,493.408,B4,28
1194,12.736,2048,494.43,B4,22
1195,12.7467,2048,494.341,B4,22
1196,12.7573,2048,493.334,B4,22
1197,12.768,2048,494.432,B4,28
1198,12.7787,2048,494.684,B4,22
1199,12.7893,2048,493.477,B4,22
1200,12.8,2048,494.154,B4,22
1201,12.8107,2048,494.808,B4,28
1202,12.8213,2048,493.722,B4,23
1203,12.832,2048,493.978,B4,22
1204,12.8427,2048,494.72,B4,22
1205,12.8533,2048,493.9,B4,28
1206,12.864,2048,493.56,B4,22
1207,12.8747,2048,494.293,B4,22
1208,12.8853,2048,493.737,B4,22
1209,12.896,2048,493.372,B4,29
1210,12.9067,2048,494.107,B4,23
1211,12.9173,2048,494.106,B4,22
1212,12.928,2048,493.709,B4,23
1213,12.9387,2048,494.096,B4,28
1214,12.9493,2048,494.274,B4,23
1215,12.96,2048,493.885,B4,22
1216,12.9707,2048,494.098,B4,22
1217,12.9813,2048,494.56,B4,29
1218,12.992,2048,493.894,B4,22
1219,13.0027,2048,494.192,B4,22
1220,13.0133,2048,444.346,A4,24
1221,13.024,2048,405.65,G#4,28
1222,13.0347,2048,393.156,G4,23
1223,13.0453,2048,392.103,G4,22
1224,13.056,2048,392.127,G4,22
1225,13.0667,2048,392.443,G4,29
1226,13.0773,2048,392.564,G4,23
1227,13.088,2048,392.751,G4,23
1228,13.0987,2048,392.704,G4,23
1229,13.1093,2048,392.498,G4,28
1230,13.12,2048,392.231,G4,23
1231,13.1307,2048,392.052,G4,23
1232,13.1413,2048,391.785,G4,23
1233,13.152,2048,391.899,G4,30
1234,13.1627,2048,391.888,G4,21
1235,13.1733,2048,392.085,G4,21
1236,13.184,2048,392.241,G4,22
1237,13.1947,2048,392.36,G4,27
1238,13.2053,2048,392.664,G4,21
1239,13.216,2048,392.61,G4,21
1240,13.2267,2048,392.692,G4,21
1241,13.2373,2048,392.479,G4,27
1242,13.248,2048,392.246,G4,21
1243,13.2587,2048,391.959,G4,21
1244,13.2693,2048,391.824,G4,21
1245,13.28,2048,391.748,G4,27
1246,13.2907,2048,391.944,G4,21
1247,13.3013,2048,392.132,G4,21
1248,13.312,2048,392.407,G4,21
1249,13.3227,2048,392.551,G4,27
1250,13.3333,2048,392.724,G4,21
1251,13.344,2048,392.756,G4,21
1252,13.3547,2048,392.654,G4,21
1253,13.3653,2048,392.72,G4,27
1254,13.376,2048,392.415,G4,21
1255,13.3867,2048,392.44,G4,21
1256,13.3973,2048,392.047,G4,21
1257,13.408,2048,392.377,G4,28
1258,13.4187,2048,392.21,G4,21
1259,13.4293,2048,391.961,G4,21
1260,13.44,2048,392.014,G4,21
1261,13.4507,2048,391.972,G4,27
1262,13.4613,2048,392.06,G4,21
1263,13.472,2048,392.22,G4,21
1264,13.4827,2048,394.531,G4,21
1265,13.4933,2048,0,Silence0,28
1266,13.504,2048,0,Silence0,22
1267,13.5147,2048,340.045,F4,22
1268,13.5253,2048,329.351,E4,22
1269,13.536,2048,329.554,E4,28
1270,13.5467,2048,329.504,E4,22
1271,13.5573,2048,329.857,E4,21
1272,13.568,2048,329.739,E4,21
1273,13.5787,2048,329.383,E4,29
1274,13.5893,2048,329.766,E4,22
1275,13.6,2048,329.734,E4,21
1276,13.6107,2048,329.479,E4,21
1277,13.6213,2048,329.821,E4,27
1278,13.632,2048,329.667,E4,21
1279,13.6427,2048,329.208,E4,21
1280,13.6533,2048,329.731,E4,21
1281,13.664,2048,329.578,E4,28
1282,13.6747,2048,329.216,E4,22
1283,13.6853,2048,329.877,E4,21
1284,13.696,2048,329.755,E4,21
1285,13.7067,2048,329.189,E4,28
1286,13.7173,2048,329.635,E4,21
1287,13.728,2048,329.72,E4,22
1288,13.7387,2048,329.237,E4,21
1289,13.7493,2048,329.751,E4,27
1290,13.76,2048,329.922,E4,21
1291,13.7707,2048,329.429,E4,21
1292,13.7813,2048,329.67,E4,21
1293,13.792,2048,329.936,E4,27
1294,13.8027,2048,329.339,E4,21
1295,13.8133,2048,329.692,E4,21
1296,13.824,2048,329.888,E4,21
1297,13.8347,2048,329.335,E4,27
1298,13.8453,2048,329.677,E4,21
1299,13.856,2048,329.761,E4,21
1300,13.8667,2048,329.574,E4,21
1301,13.8773,2048,329.404,E4,27
1302,13.888,2048,328.963,E4,21
1303,13.8987,2048,329.819,E4,21
1304,13.9093,2048,329.369,E4,21
1305,13.92,2048,329.804,E4,27
1306,13.9307,2048,329.779,E4,21
1307,13.9413,2048,329.446,E4,21
1308,13.952,2048,329.923,E4,21
1309,13.9627,2048,329.844,E4,27
1310,13.9733,2048,329.329,E4,21
1311,13.984,2048,329.714,E4,21
1312,13.9947,2048,329.656,E4,21
1313,14.0053,2048,334.512,E4,27
1314,14.016,2048,269.407,C#4,39
1315,14.0267,2048,261.192,C4,21
1316,14.0373,2048,261.156,C4,21
1317,14.048,2048,261.774,C4,26
1318,14.0587,2048,261.521,C4,21
1319,14.0693,2048,261.472,C4,21
1320,14.08,2048,261.534,C4,21
1321,14.0907,2048,261.706,C4,27
1322,14.1013,2048,261.659,C4,21
1323,14.112,2048,261.531,C4,21
1324,14.1227,2048,261.723,C4,21
1325,14.1333,2048,261.813,C4,26
1326,14.144,2048,261.653,C4,21
1327,14.1547,2048,261.393,C4,21
1328,14.1653,2048,262.076,C4,21
1329,14.176,2048,261.64,C4,26
1330,14.1867,2048,261.593,C4,21
1331,14.1973,2048,261.686,C4,21
1332,14.208,2048,261.741,C4,21
1333,14.2187,2048,261.534,C4,26
1334,14.2293,2048,261.492,C4,21
1335,14.24,2048,261.686,C4,21
1336,14.2507,2048,261.69,C4,21
1337,14.2613,2048,261.596,C4,26
1338,14.272,2048,261.388,C4,21
1339,14.2827,2048,261.825,C4,21
1340,14.2933,2048,261.596,C4,21
1341,14.304,2048,261.309,C4,27
1342,14.3147,2048,261.663,C4,21
1343,14.3253,2048,262.073,C4,21
1344,14.336,2048,261.6,C4,21
1345,14.3467,2048,261.51,C4,27
1346,14.3573,2048,261.981,C4,21
1347,14.368,2048,261.674,C4,21
1348,14.3787,2048,261.528,C4,21
1349,14.3893,2048,261.537,C4,26
1350,14.4,2048,261.686,C4,21
1351,14.4107,2048,261.641,C4,21
1352,14.4213,2048,261.606,C4,21
1353,14.432,2048,261.573,C4,27
1354,14.4427,2048,261.635,C4,21
1355,14.4533,2048,261.642,C4,21
1356,14.464,2048,261.46,C4,21
1357,14.4747,2048,261.648,C4,27
1358,14.4853,2048,261.645,C4,21
1359,14.496,2048,261.611,C4,21
1360,14.5067,2048,261.579,C4,21
1361,14.5173,2048,261.715,C4,27
1362,14.528,2048,261.681,C4,21
1363,14.5387,2048,261.67,C4,21
1364,14.5493,2048,261.695,C4,21
1365,14.56,2048,261.695,C4,26
1366,14.5707,2048,261.708,C4,21
1367,14.5813,2048,261.694,C4,21
1368,14.592,2048,261.675,C4,21
1369,14.6027,2048,261.585,C4,27
1370,14.6133,2048,261.589,C4,21
1371,14.624,2048,261.56,C4,21
1372,14.6347,2048,261.658,C4,21
1373,14.6453,2048,261.603,C4,26
1374,14.656,2048,261.586,C4,21
1375,14.6667,2048,261.588,C4,21
1376,14.6773,2048,261.601,C4,21
1377,14.688,2048,261.607,C4,27
1378,14.6987,2048,261.664,C4,24
1379,14.7093,2048,261.698,C4,21
1380,14.72,2048,261.652,C4,21
1381,14.7307,2048,261.699,C4,27
1382,14.7413,2048,258.414,C4,21
1383,14.752,2048,259.25,C4,21
1384,14.7627,2048,0,Silence0,21
1385,14.7733,2048,0,Silence0,84
1386,14.784,2048,0,Silence0,27
1387,14.7947,2048,0,Silence0,23
1388,14.8053,2048,0,Silence0,23
1389,14.816,2048,0,Silence0,31
1390,14.8267,2048,0,Silence0,23
1391,14.8373,2048,0,Silence0,22
1392,14.848,2048,0,Silence0,22
1393,14.8587,2048,0,Silence0,29
1394,14.8693,2048,0,Silence0,22
1395,14.88,2048,0,Silence0,22
1396,14.8907,2048,0,Silence0,22
1397,14.9013,2048,0,Silence0,28
1398,14.912,2048,0,Silence0,22
1399,14.9227,2048,0,Silence0,22
1400,14.9333,2048,0,Silence0,22
1401,14.944,2048,0,Silence0,28
1402,14.9547,2048,0,Silence0,22
1403,14.9653,2048,0,Silence0,22
1404,14.976,2048,0,Silence0,22
1405,14.9867,2048,0,Silence0,28
1406,14.9973,2048,0,Silence0,22
1407,15.008,2048,0,Silence0,22
1408,15.0187,2048,0,Silence0,22
1409,15.0293,2048,0,Silence0,29
1410,15.04,2048,0,Silence0,22
1411,15.0507,2048,0,Silence0,22
1412,15.0613,2048,0,Silence0,22
1413,15.072,2048,0,Silence0,28
1414,15.0827,2048,0,Silence0,22
1415,15.0933,2048,0,Silence0,22
1416,15.104,2048,0,Silence0,22
1417,15.1147,2048,0,Silence0,28
1418,15.1253,2048,0,Silence0,22
1419,15.136,2048,0,Silence0,22
1420,15.1467,2048,0,Silence0,22
1421,15.1573,2048,0,Silence0,28
1422,15.168,2048,0,Silence0,22
1423,15.1787,2048,0,Silence0,22
1424,15.1893,2048,0,Silence0,22
